,Metric,Value,"[theta,neighbour]"
0,WEAT,0.14734246887449734,"[0.02, 50]"
1,WEATES,0.616230546797784,"[0.02, 50]"
2,ECT,0.4981703872991365,"[0.02, 50]"
3,RNSB,0.011692148379601608,"[0.02, 50]"
4,RND,0.061918538433058036,"[0.02, 50]"
5,RIPA,0.013735849410295486,"[0.02, 50]"
0,WEAT,0.17873548923841912,"[0.05, 50]"
1,WEATES,0.7550652186413424,"[0.05, 50]"
2,ECT,0.5936920123712751,"[0.05, 50]"
3,RNSB,0.015604259703393767,"[0.05, 50]"
4,RND,0.059117175674373246,"[0.05, 50]"
5,RIPA,0.015934841707348824,"[0.05, 50]"
0,WEAT,0.1717261763967053,"[0.1, 50]"
1,WEATES,0.7953741268733976,"[0.1, 50]"
2,ECT,0.6100780645988697,"[0.1, 50]"
3,RNSB,0.014551522454066575,"[0.1, 50]"
4,RND,0.05621612584243545,"[0.1, 50]"
5,RIPA,0.01635720767080784,"[0.1, 50]"
0,WEAT,0.14362869953885815,"[0.02, 100]"
1,WEATES,0.6287171667039717,"[0.02, 100]"
2,ECT,0.44847437436429494,"[0.02, 100]"
3,RNSB,0.008404759750144852,"[0.02, 100]"
4,RND,0.06268514791133799,"[0.02, 100]"
5,RIPA,0.013783578760921955,"[0.02, 100]"
0,WEAT,0.17219746141852246,"[0.05, 100]"
1,WEATES,0.714915316359195,"[0.05, 100]"
2,ECT,0.574864526229267,"[0.05, 100]"
3,RNSB,0.012408242270638454,"[0.05, 100]"
4,RND,0.05966763287004987,"[0.05, 100]"
5,RIPA,0.015403804369270802,"[0.05, 100]"
0,WEAT,0.1817272755952047,"[0.1, 100]"
1,WEATES,0.8137121704444612,"[0.1, 100]"
2,ECT,0.6340465223593741,"[0.1, 100]"
3,RNSB,0.014261527329737764,"[0.1, 100]"
4,RND,0.05785371877842074,"[0.1, 100]"
5,RIPA,0.01664596237242222,"[0.1, 100]"
0,WEAT,0.10910491642208144,"[0.02, 200]"
1,WEATES,0.5892023790440667,"[0.02, 200]"
2,ECT,0.44898363916351375,"[0.02, 200]"
3,RNSB,0.009419421625042796,"[0.02, 200]"
4,RND,0.06517783687069656,"[0.02, 200]"
5,RIPA,0.011821567080914974,"[0.02, 200]"
0,WEAT,0.1708311647382195,"[0.05, 200]"
1,WEATES,0.6800688722769337,"[0.05, 200]"
2,ECT,0.5972237675505602,"[0.05, 200]"
3,RNSB,0.01238524391389571,"[0.05, 200]"
4,RND,0.06155168548155784,"[0.05, 200]"
5,RIPA,0.015393986366689205,"[0.05, 200]"
0,WEAT,0.17851848456278596,"[0.1, 200]"
1,WEATES,0.7610138059743855,"[0.1, 200]"
2,ECT,0.6521263582447213,"[0.1, 200]"
3,RNSB,0.014692289630199166,"[0.1, 200]"
4,RND,0.05793565960931582,"[0.1, 200]"
5,RIPA,0.016630271449685097,"[0.1, 200]"
0,WEAT,0.0897873734629606,"[0.02, 50]"
1,WEATES,0.3619868571186304,"[0.02, 50]"
2,ECT,0.6445629568432331,"[0.02, 50]"
3,RNSB,0.024981085305093336,"[0.02, 50]"
4,RND,0.014830407470715276,"[0.02, 50]"
5,RIPA,0.0114390654489398,"[0.02, 50]"
0,WEAT,0.058740031571682255,"[0.05, 50]"
1,WEATES,0.2981147647850664,"[0.05, 50]"
2,ECT,0.6746514117584196,"[0.05, 50]"
3,RNSB,0.03165703905073643,"[0.05, 50]"
4,RND,0.015249734925338586,"[0.05, 50]"
5,RIPA,0.011622465215623379,"[0.05, 50]"
0,WEAT,0.038657625512210865,"[0.1, 50]"
1,WEATES,0.21490535501772204,"[0.1, 50]"
2,ECT,0.6483132896419131,"[0.1, 50]"
3,RNSB,0.02995054285028628,"[0.1, 50]"
4,RND,0.01651019567483226,"[0.1, 50]"
5,RIPA,0.012250232510268688,"[0.1, 50]"
0,WEAT,0.09271621811874291,"[0.02, 100]"
1,WEATES,0.40285411832301776,"[0.02, 100]"
2,ECT,0.6541267689343163,"[0.02, 100]"
3,RNSB,0.027212626491662523,"[0.02, 100]"
4,RND,0.014780326725804536,"[0.02, 100]"
5,RIPA,0.010828523896634579,"[0.02, 100]"
0,WEAT,0.0745962543780857,"[0.05, 100]"
1,WEATES,0.3730612623058195,"[0.05, 100]"
2,ECT,0.6987522128096515,"[0.05, 100]"
3,RNSB,0.027429684828809153,"[0.05, 100]"
4,RND,0.016602850878397187,"[0.05, 100]"
5,RIPA,0.012396752834320068,"[0.05, 100]"
0,WEAT,0.03640185467151965,"[0.1, 100]"
1,WEATES,0.19366977722231898,"[0.1, 100]"
2,ECT,0.6584590015570367,"[0.1, 100]"
3,RNSB,0.03058565647071071,"[0.1, 100]"
4,RND,0.016829467932711867,"[0.1, 100]"
5,RIPA,0.011785726994276047,"[0.1, 100]"
0,WEAT,0.08343305848262783,"[0.02, 200]"
1,WEATES,0.42729455217562967,"[0.02, 200]"
2,ECT,0.6200838331853896,"[0.02, 200]"
3,RNSB,0.027957233647054523,"[0.02, 200]"
4,RND,0.014204192222965336,"[0.02, 200]"
5,RIPA,0.009515930898487568,"[0.02, 200]"
0,WEAT,0.08148469074045699,"[0.05, 200]"
1,WEATES,0.3636744600081468,"[0.05, 200]"
2,ECT,0.6530308687514612,"[0.05, 200]"
3,RNSB,0.03344963080359877,"[0.05, 200]"
4,RND,0.01647497128492835,"[0.05, 200]"
5,RIPA,0.012148155830800533,"[0.05, 200]"
0,WEAT,0.04308779838530029,"[0.1, 200]"
1,WEATES,0.24659423322162283,"[0.1, 200]"
2,ECT,0.6828421228712432,"[0.1, 200]"
3,RNSB,0.03150919190223291,"[0.1, 200]"
4,RND,0.01601702283762989,"[0.1, 200]"
5,RIPA,0.011830928735435009,"[0.1, 200]"
0,WEAT,0.0750240797840996,"[0.02, 50]"
1,WEATES,0.4270794209479686,"[0.02, 50]"
2,ECT,0.8186444666933242,"[0.02, 50]"
3,RNSB,0.012124349138865407,"[0.02, 50]"
4,RND,0.01232824102907669,"[0.02, 50]"
5,RIPA,0.01079482864588499,"[0.02, 50]"
0,WEAT,0.07311212115194193,"[0.05, 50]"
1,WEATES,0.4376356040769855,"[0.05, 50]"
2,ECT,0.84887865472239,"[0.05, 50]"
3,RNSB,0.014100396164972686,"[0.05, 50]"
4,RND,0.012579029366087626,"[0.05, 50]"
5,RIPA,0.009356467053294182,"[0.05, 50]"
0,WEAT,0.07679630463144,"[0.1, 50]"
1,WEATES,0.43455940877467725,"[0.1, 50]"
2,ECT,0.8358284294812912,"[0.1, 50]"
3,RNSB,0.014535070289157534,"[0.1, 50]"
4,RND,0.012595408641720872,"[0.1, 50]"
5,RIPA,0.011033236980438232,"[0.1, 50]"
0,WEAT,0.06276637250356018,"[0.02, 100]"
1,WEATES,0.3464876565504521,"[0.02, 100]"
2,ECT,0.844364416727668,"[0.02, 100]"
3,RNSB,0.011672533478344588,"[0.02, 100]"
4,RND,0.011627300714119505,"[0.02, 100]"
5,RIPA,0.010216939263045788,"[0.02, 100]"
0,WEAT,0.06546895145766458,"[0.05, 100]"
1,WEATES,0.3612897593178554,"[0.05, 100]"
2,ECT,0.8373778742626746,"[0.05, 100]"
3,RNSB,0.012732848416231448,"[0.05, 100]"
4,RND,0.011777202044074458,"[0.05, 100]"
5,RIPA,0.010215000249445438,"[0.05, 100]"
0,WEAT,0.07009271383889629,"[0.1, 100]"
1,WEATES,0.35354773481103086,"[0.1, 100]"
2,ECT,0.8474648274031621,"[0.1, 100]"
3,RNSB,0.011189355493660503,"[0.1, 100]"
4,RND,0.012866259703054342,"[0.1, 100]"
5,RIPA,0.011948883533477783,"[0.1, 100]"
0,WEAT,0.0697127439167882,"[0.02, 200]"
1,WEATES,0.4072476550666959,"[0.02, 200]"
2,ECT,0.7966103005786627,"[0.02, 200]"
3,RNSB,0.007572930319384966,"[0.02, 200]"
4,RND,0.011542779381181091,"[0.02, 200]"
5,RIPA,0.011154942214488983,"[0.02, 200]"
0,WEAT,0.06899407663357068,"[0.05, 200]"
1,WEATES,0.33574441658710336,"[0.05, 200]"
2,ECT,0.8193794318824797,"[0.05, 200]"
3,RNSB,0.01070458764756036,"[0.05, 200]"
4,RND,0.010841171221765741,"[0.05, 200]"
5,RIPA,0.01137890387326479,"[0.05, 200]"
0,WEAT,0.07312594318143159,"[0.1, 200]"
1,WEATES,0.3911507250988834,"[0.1, 200]"
2,ECT,0.8203720483787255,"[0.1, 200]"
3,RNSB,0.011749820930040148,"[0.1, 200]"
4,RND,0.012104610400037921,"[0.1, 200]"
5,RIPA,0.011465820483863354,"[0.1, 200]"
0,WEAT,0.09765462934740793,"[0.02, 50]"
1,WEATES,0.5127858797553069,"[0.02, 50]"
2,ECT,0.9279897800454489,"[0.02, 50]"
3,RNSB,0.01043475545085786,"[0.02, 50]"
4,RND,0.012781567157043474,"[0.02, 50]"
5,RIPA,0.016489936038851738,"[0.02, 50]"
0,WEAT,0.08093380759799873,"[0.05, 50]"
1,WEATES,0.4845252325542938,"[0.05, 50]"
2,ECT,0.9331505319409219,"[0.05, 50]"
3,RNSB,0.014097439971265316,"[0.05, 50]"
4,RND,0.010674988881624338,"[0.05, 50]"
5,RIPA,0.017834043130278587,"[0.05, 50]"
0,WEAT,0.07760896857874675,"[0.1, 50]"
1,WEATES,0.5193053084777743,"[0.1, 50]"
2,ECT,0.9301397120312127,"[0.1, 50]"
3,RNSB,0.008899005808584952,"[0.1, 50]"
4,RND,0.009992450821470785,"[0.1, 50]"
5,RIPA,0.01965399645268917,"[0.1, 50]"
0,WEAT,0.09137663692953256,"[0.02, 100]"
1,WEATES,0.4571206361503012,"[0.02, 100]"
2,ECT,0.8693839108088025,"[0.02, 100]"
3,RNSB,0.006805367936089179,"[0.02, 100]"
4,RND,0.013501729572939014,"[0.02, 100]"
5,RIPA,0.015698203817009926,"[0.02, 100]"
0,WEAT,0.08009160709766784,"[0.05, 100]"
1,WEATES,0.5158788541128964,"[0.05, 100]"
2,ECT,0.9176443712750091,"[0.05, 100]"
3,RNSB,0.009811325980987056,"[0.05, 100]"
4,RND,0.011079366444318207,"[0.05, 100]"
5,RIPA,0.01640464924275875,"[0.05, 100]"
0,WEAT,0.0781745430428881,"[0.1, 100]"
1,WEATES,0.4997593224962271,"[0.1, 100]"
2,ECT,0.9277131423979181,"[0.1, 100]"
3,RNSB,0.010754522253729323,"[0.1, 100]"
4,RND,0.010147175519126661,"[0.1, 100]"
5,RIPA,0.018759416416287422,"[0.1, 100]"
0,WEAT,0.08127794385971294,"[0.02, 200]"
1,WEATES,0.44443201101791924,"[0.02, 200]"
2,ECT,0.8497302016969633,"[0.02, 200]"
3,RNSB,0.005432579773454985,"[0.02, 200]"
4,RND,0.012929251540552245,"[0.02, 200]"
5,RIPA,0.014297128655016422,"[0.02, 200]"
0,WEAT,0.08526387947363506,"[0.05, 200]"
1,WEATES,0.4567610215025542,"[0.05, 200]"
2,ECT,0.8795645337261769,"[0.05, 200]"
3,RNSB,0.00796369628785504,"[0.05, 200]"
4,RND,0.012730512520277818,"[0.05, 200]"
5,RIPA,0.01751207932829857,"[0.05, 200]"
0,WEAT,0.07667563918470928,"[0.1, 200]"
1,WEATES,0.5054145732039307,"[0.1, 200]"
2,ECT,0.9226076835721305,"[0.1, 200]"
3,RNSB,0.010232006348157723,"[0.1, 200]"
4,RND,0.010893704502543225,"[0.1, 200]"
5,RIPA,0.01791113242506981,"[0.1, 200]"
0,WEAT,0.1474235246238446,"[0.02, 50]"
1,WEATES,0.6700561376122769,"[0.02, 50]"
2,ECT,0.7220649597603961,"[0.02, 50]"
3,RNSB,0.014791308152899262,"[0.02, 50]"
4,RND,0.02789177488362188,"[0.02, 50]"
5,RIPA,0.01737632043659687,"[0.02, 50]"
0,WEAT,0.13284574507191504,"[0.05, 50]"
1,WEATES,0.6559426945423722,"[0.05, 50]"
2,ECT,0.6308061498778356,"[0.05, 50]"
3,RNSB,0.012044195390311247,"[0.05, 50]"
4,RND,0.026267206637134322,"[0.05, 50]"
5,RIPA,0.018564099445939064,"[0.05, 50]"
0,WEAT,0.13262106256599734,"[0.1, 50]"
1,WEATES,0.6025650969725412,"[0.1, 50]"
2,ECT,0.6164867003500742,"[0.1, 50]"
3,RNSB,0.01159855073098551,"[0.1, 50]"
4,RND,0.025372708675260775,"[0.1, 50]"
5,RIPA,0.02024858258664608,"[0.1, 50]"
0,WEAT,0.14326313960864145,"[0.02, 100]"
1,WEATES,0.6271156681624678,"[0.02, 100]"
2,ECT,0.6777956383355321,"[0.02, 100]"
3,RNSB,0.013718432649087712,"[0.02, 100]"
4,RND,0.02995088736609096,"[0.02, 100]"
5,RIPA,0.017462108284235,"[0.02, 100]"
0,WEAT,0.13535993045810263,"[0.05, 100]"
1,WEATES,0.6426870539417012,"[0.05, 100]"
2,ECT,0.6577279975798511,"[0.05, 100]"
3,RNSB,0.010445494795576526,"[0.05, 100]"
4,RND,0.028991031468563095,"[0.05, 100]"
5,RIPA,0.017685895785689354,"[0.05, 100]"
0,WEAT,0.13709144202976517,"[0.1, 100]"
1,WEATES,0.6262791290727056,"[0.1, 100]"
2,ECT,0.6376044748793595,"[0.1, 100]"
3,RNSB,0.013149838711404713,"[0.1, 100]"
4,RND,0.02723023066359713,"[0.1, 100]"
5,RIPA,0.018542475998401642,"[0.1, 100]"
0,WEAT,0.14222056788482504,"[0.02, 200]"
1,WEATES,0.6404046646776721,"[0.02, 200]"
2,ECT,0.6190329717948381,"[0.02, 200]"
3,RNSB,0.007911734605780396,"[0.02, 200]"
4,RND,0.02980020770129489,"[0.02, 200]"
5,RIPA,0.015899738296866417,"[0.02, 200]"
0,WEAT,0.15441264309134156,"[0.05, 200]"
1,WEATES,0.6934476365679022,"[0.05, 200]"
2,ECT,0.67445095761911,"[0.05, 200]"
3,RNSB,0.014928186876952293,"[0.05, 200]"
4,RND,0.031205703597934172,"[0.05, 200]"
5,RIPA,0.01923277974128723,"[0.05, 200]"
0,WEAT,0.13429172742134157,"[0.1, 200]"
1,WEATES,0.5869988305816344,"[0.1, 200]"
2,ECT,0.6366801389959981,"[0.1, 200]"
3,RNSB,0.012935903272289578,"[0.1, 200]"
4,RND,0.027544348354524642,"[0.1, 200]"
5,RIPA,0.01797541044652462,"[0.1, 200]"
0,WEAT,0.04806399796735875,"[0.02, 50]"
1,WEATES,0.37634876200820816,"[0.02, 50]"
2,ECT,0.8439481369919837,"[0.02, 50]"
3,RNSB,0.016159414485342524,"[0.02, 50]"
4,RND,0.012108567721387672,"[0.02, 50]"
5,RIPA,0.008158002980053425,"[0.02, 50]"
0,WEAT,0.039201106506141496,"[0.05, 50]"
1,WEATES,0.3283194376906135,"[0.05, 50]"
2,ECT,0.8477473911696863,"[0.05, 50]"
3,RNSB,0.018480722670654447,"[0.05, 50]"
4,RND,0.010322254781549522,"[0.05, 50]"
5,RIPA,0.010151089169085026,"[0.05, 50]"
0,WEAT,0.039629304060426106,"[0.1, 50]"
1,WEATES,0.3392652987330344,"[0.1, 50]"
2,ECT,0.8480976445514395,"[0.1, 50]"
3,RNSB,0.019692701540629565,"[0.1, 50]"
4,RND,0.010401997131588354,"[0.1, 50]"
5,RIPA,0.01095563918352127,"[0.1, 50]"
0,WEAT,0.04524125098683627,"[0.02, 100]"
1,WEATES,0.37842585228628706,"[0.02, 100]"
2,ECT,0.8051295843363131,"[0.02, 100]"
3,RNSB,0.020262957576482787,"[0.02, 100]"
4,RND,0.012789633770053077,"[0.02, 100]"
5,RIPA,0.007692505139857531,"[0.02, 100]"
0,WEAT,0.041691973531149125,"[0.05, 100]"
1,WEATES,0.33571766371951783,"[0.05, 100]"
2,ECT,0.8419949948019799,"[0.05, 100]"
3,RNSB,0.021511384045315142,"[0.05, 100]"
4,RND,0.010674883523714417,"[0.05, 100]"
5,RIPA,0.010036024264991283,"[0.05, 100]"
0,WEAT,0.04198971567963807,"[0.1, 100]"
1,WEATES,0.34299557467888836,"[0.1, 100]"
2,ECT,0.847448417864268,"[0.1, 100]"
3,RNSB,0.016366131631423888,"[0.1, 100]"
4,RND,0.010687317644522756,"[0.1, 100]"
5,RIPA,0.010100149549543858,"[0.1, 100]"
0,WEAT,0.04244622635400312,"[0.02, 200]"
1,WEATES,0.3993929624742053,"[0.02, 200]"
2,ECT,0.813416312908004,"[0.02, 200]"
3,RNSB,0.01661119973270438,"[0.02, 200]"
4,RND,0.013548095603110136,"[0.02, 200]"
5,RIPA,0.006547069642692804,"[0.02, 200]"
0,WEAT,0.041507767001268084,"[0.05, 200]"
1,WEATES,0.3560624612285186,"[0.05, 200]"
2,ECT,0.8442280342516889,"[0.05, 200]"
3,RNSB,0.01760838252646668,"[0.05, 200]"
4,RND,0.011155075179806977,"[0.05, 200]"
5,RIPA,0.00999519694596529,"[0.05, 200]"
0,WEAT,0.04101369098577458,"[0.1, 200]"
1,WEATES,0.3444949536036445,"[0.1, 200]"
2,ECT,0.8469908387768373,"[0.1, 200]"
3,RNSB,0.019866710767786056,"[0.1, 200]"
4,RND,0.010604633448872016,"[0.1, 200]"
5,RIPA,0.010200709104537964,"[0.1, 200]"
0,WEAT,0.04967557781718371,"[0.02, 50]"
1,WEATES,0.3858814051538849,"[0.02, 50]"
2,ECT,0.8232534449201104,"[0.02, 50]"
3,RNSB,0.025510132919880336,"[0.02, 50]"
4,RND,0.022704580914155618,"[0.02, 50]"
5,RIPA,0.011337636969983578,"[0.02, 50]"
0,WEAT,0.056888611104114875,"[0.05, 50]"
1,WEATES,0.4202589969704857,"[0.05, 50]"
2,ECT,0.8661529912334093,"[0.05, 50]"
3,RNSB,0.030325306346063185,"[0.05, 50]"
4,RND,0.02103332656457325,"[0.05, 50]"
5,RIPA,0.012901633977890015,"[0.05, 50]"
0,WEAT,0.059708308561409684,"[0.1, 50]"
1,WEATES,0.44739631754180914,"[0.1, 50]"
2,ECT,0.8417049163618432,"[0.1, 50]"
3,RNSB,0.029633596418051765,"[0.1, 50]"
4,RND,0.02225398531967739,"[0.1, 50]"
5,RIPA,0.01786518096923828,"[0.1, 50]"
0,WEAT,0.04024435307664079,"[0.02, 100]"
1,WEATES,0.29025185391922836,"[0.02, 100]"
2,ECT,0.8685145403177471,"[0.02, 100]"
3,RNSB,0.027522130168520766,"[0.02, 100]"
4,RND,0.023818172225153547,"[0.02, 100]"
5,RIPA,0.010645038448274136,"[0.02, 100]"
0,WEAT,0.058693264511631676,"[0.05, 100]"
1,WEATES,0.426751948910829,"[0.05, 100]"
2,ECT,0.8527829905773073,"[0.05, 100]"
3,RNSB,0.03077543717155431,"[0.05, 100]"
4,RND,0.021875522973921462,"[0.05, 100]"
5,RIPA,0.012253887951374054,"[0.05, 100]"
0,WEAT,0.05585764079882834,"[0.1, 100]"
1,WEATES,0.42847955056905185,"[0.1, 100]"
2,ECT,0.8366172419375335,"[0.1, 100]"
3,RNSB,0.032573808134443626,"[0.1, 100]"
4,RND,0.02151703942136589,"[0.1, 100]"
5,RIPA,0.016898948699235916,"[0.1, 100]"
0,WEAT,0.04461054532353666,"[0.02, 200]"
1,WEATES,0.3358841124109949,"[0.02, 200]"
2,ECT,0.7929684773254793,"[0.02, 200]"
3,RNSB,0.024265480176592764,"[0.02, 200]"
4,RND,0.02465053032912966,"[0.02, 200]"
5,RIPA,0.010529350489377975,"[0.02, 200]"
0,WEAT,0.059842386777162054,"[0.05, 200]"
1,WEATES,0.4333454568230784,"[0.05, 200]"
2,ECT,0.8520629458177358,"[0.05, 200]"
3,RNSB,0.03499924312345951,"[0.05, 200]"
4,RND,0.022629645045899874,"[0.05, 200]"
5,RIPA,0.012465186417102814,"[0.05, 200]"
0,WEAT,0.056472191551296756,"[0.1, 200]"
1,WEATES,0.4205820543132686,"[0.1, 200]"
2,ECT,0.8629440553619195,"[0.1, 200]"
3,RNSB,0.030608032042555376,"[0.1, 200]"
4,RND,0.020984001812031694,"[0.1, 200]"
5,RIPA,0.015275508165359497,"[0.1, 200]"
0,WEAT,0.11456471333342903,"[0.02, 50]"
1,WEATES,0.7401222010905603,"[0.02, 50]"
2,ECT,0.5179299438267896,"[0.02, 50]"
3,RNSB,0.03575549268979723,"[0.02, 50]"
4,RND,0.0204353869654011,"[0.02, 50]"
5,RIPA,0.026430189609527588,"[0.02, 50]"
0,WEAT,0.08322003169114586,"[0.05, 50]"
1,WEATES,0.588091121471761,"[0.05, 50]"
2,ECT,0.4875303727811509,"[0.05, 50]"
3,RNSB,0.044092119940408514,"[0.05, 50]"
4,RND,0.022961917169780424,"[0.05, 50]"
5,RIPA,0.0298127681016922,"[0.05, 50]"
0,WEAT,0.09178733951660895,"[0.1, 50]"
1,WEATES,0.6837665311696736,"[0.1, 50]"
2,ECT,0.43544271088164854,"[0.1, 50]"
3,RNSB,0.04644938853789714,"[0.1, 50]"
4,RND,0.025269054309518313,"[0.1, 50]"
5,RIPA,0.030029283836483955,"[0.1, 50]"
0,WEAT,0.1002635284511982,"[0.02, 100]"
1,WEATES,0.6465725687921698,"[0.02, 100]"
2,ECT,0.49793574750270503,"[0.02, 100]"
3,RNSB,0.03064212639411481,"[0.02, 100]"
4,RND,0.019843550342300655,"[0.02, 100]"
5,RIPA,0.024830063804984093,"[0.02, 100]"
0,WEAT,0.08683295528308638,"[0.05, 100]"
1,WEATES,0.5848312839620639,"[0.05, 100]"
2,ECT,0.49460598882610274,"[0.05, 100]"
3,RNSB,0.04899513738101068,"[0.05, 100]"
4,RND,0.022221785764220015,"[0.05, 100]"
5,RIPA,0.027984345331788063,"[0.05, 100]"
0,WEAT,0.0934628391873468,"[0.1, 100]"
1,WEATES,0.6959905824867979,"[0.1, 100]"
2,ECT,0.4279469182855178,"[0.1, 100]"
3,RNSB,0.04437502324289173,"[0.1, 100]"
4,RND,0.02546745568364284,"[0.1, 100]"
5,RIPA,0.029428012669086456,"[0.1, 100]"
0,WEAT,0.0911050825508767,"[0.02, 200]"
1,WEATES,0.6670993541407062,"[0.02, 200]"
2,ECT,0.5020991816799499,"[0.02, 200]"
3,RNSB,0.03336769006949767,"[0.02, 200]"
4,RND,0.018917511621340807,"[0.02, 200]"
5,RIPA,0.0242139995098114,"[0.02, 200]"
0,WEAT,0.08625399405763562,"[0.05, 200]"
1,WEATES,0.5862495355548277,"[0.05, 200]"
2,ECT,0.512942912578569,"[0.05, 200]"
3,RNSB,0.03895192861204435,"[0.05, 200]"
4,RND,0.020883188283541004,"[0.05, 200]"
5,RIPA,0.028158770874142647,"[0.05, 200]"
0,WEAT,0.08134198165830124,"[0.1, 200]"
1,WEATES,0.596481447813728,"[0.1, 200]"
2,ECT,0.4445766488834657,"[0.1, 200]"
3,RNSB,0.044542793708596325,"[0.1, 200]"
4,RND,0.023525144686006857,"[0.1, 200]"
5,RIPA,0.029146967455744743,"[0.1, 200]"
0,WEAT,0.052598264005461005,"[0.02, 50]"
1,WEATES,0.3468732803585271,"[0.02, 50]"
2,ECT,0.8763237956041326,"[0.02, 50]"
3,RNSB,0.020733498706791604,"[0.02, 50]"
4,RND,0.010433407863776499,"[0.02, 50]"
5,RIPA,0.010545294731855392,"[0.02, 50]"
0,WEAT,0.05556466311809225,"[0.05, 50]"
1,WEATES,0.5039387538473953,"[0.05, 50]"
2,ECT,0.923793087541232,"[0.05, 50]"
3,RNSB,0.022192856613724544,"[0.05, 50]"
4,RND,0.015194920474447503,"[0.05, 50]"
5,RIPA,0.015420418232679367,"[0.05, 50]"
0,WEAT,0.05322383681389902,"[0.1, 50]"
1,WEATES,0.4816467138422667,"[0.1, 50]"
2,ECT,0.9224597696269834,"[0.1, 50]"
3,RNSB,0.01764123809851683,"[0.1, 50]"
4,RND,0.0162285771782595,"[0.1, 50]"
5,RIPA,0.016168346628546715,"[0.1, 50]"
0,WEAT,0.05785831660095249,"[0.02, 100]"
1,WEATES,0.36088603328077307,"[0.02, 100]"
2,ECT,0.871876807151457,"[0.02, 100]"
3,RNSB,0.01943397235071001,"[0.02, 100]"
4,RND,0.010229337077936704,"[0.02, 100]"
5,RIPA,0.010576502420008183,"[0.02, 100]"
0,WEAT,0.05148965958875394,"[0.05, 100]"
1,WEATES,0.4259506965562436,"[0.05, 100]"
2,ECT,0.9346770769057883,"[0.05, 100]"
3,RNSB,0.020030207154338835,"[0.05, 100]"
4,RND,0.013715740454621707,"[0.05, 100]"
5,RIPA,0.01350047904998064,"[0.05, 100]"
0,WEAT,0.05011796786930513,"[0.1, 100]"
1,WEATES,0.4494459203452449,"[0.1, 100]"
2,ECT,0.9228906325064018,"[0.1, 100]"
3,RNSB,0.023542782613897202,"[0.1, 100]"
4,RND,0.01604781122443987,"[0.1, 100]"
5,RIPA,0.01608067750930786,"[0.1, 100]"
0,WEAT,0.0518653325023795,"[0.02, 200]"
1,WEATES,0.31315343039830773,"[0.02, 200]"
2,ECT,0.8245357300520614,"[0.02, 200]"
3,RNSB,0.020100459697114527,"[0.02, 200]"
4,RND,0.009301828981114452,"[0.02, 200]"
5,RIPA,0.009770210832357407,"[0.02, 200]"
0,WEAT,0.052826536095866156,"[0.05, 200]"
1,WEATES,0.362134166546035,"[0.05, 200]"
2,ECT,0.8767886525588353,"[0.05, 200]"
3,RNSB,0.02139213814986252,"[0.05, 200]"
4,RND,0.012171930161845805,"[0.05, 200]"
5,RIPA,0.01202255580574274,"[0.05, 200]"
0,WEAT,0.04562344185531526,"[0.1, 200]"
1,WEATES,0.4034741250512548,"[0.1, 200]"
2,ECT,0.9156364193292519,"[0.1, 200]"
3,RNSB,0.022774562157951407,"[0.1, 200]"
4,RND,0.016595473590890888,"[0.1, 200]"
5,RIPA,0.017157070338726044,"[0.1, 200]"
0,WEAT,0.08947484137306319,"[0.02, 50]"
1,WEATES,0.47625923054781133,"[0.02, 50]"
2,ECT,0.7304344163343405,"[0.02, 50]"
3,RNSB,0.035049911973943394,"[0.02, 50]"
4,RND,0.023114983319344987,"[0.02, 50]"
5,RIPA,0.0166196059435606,"[0.02, 50]"
0,WEAT,0.1243709027927814,"[0.05, 50]"
1,WEATES,0.6297280821693908,"[0.05, 50]"
2,ECT,0.7192540597076335,"[0.05, 50]"
3,RNSB,0.04476543989118179,"[0.05, 50]"
4,RND,0.02396783490593603,"[0.05, 50]"
5,RIPA,0.018238449469208717,"[0.05, 50]"
0,WEAT,0.10644930364750056,"[0.1, 50]"
1,WEATES,0.6237071071778642,"[0.1, 50]"
2,ECT,0.7387135732852043,"[0.1, 50]"
3,RNSB,0.03891281470561929,"[0.1, 50]"
4,RND,0.02143579963525452,"[0.1, 50]"
5,RIPA,0.016050783917307854,"[0.1, 50]"
0,WEAT,0.08036921038034507,"[0.02, 100]"
1,WEATES,0.5045930525448103,"[0.02, 100]"
2,ECT,0.8298156757940006,"[0.02, 100]"
3,RNSB,0.023704194276421946,"[0.02, 100]"
4,RND,0.021839557924854588,"[0.02, 100]"
5,RIPA,0.014815079979598522,"[0.02, 100]"
0,WEAT,0.11672115829574795,"[0.05, 100]"
1,WEATES,0.5560032518183722,"[0.05, 100]"
2,ECT,0.7014360631038065,"[0.05, 100]"
3,RNSB,0.04196745019523863,"[0.05, 100]"
4,RND,0.02300897411723853,"[0.05, 100]"
5,RIPA,0.018120892345905304,"[0.05, 100]"
0,WEAT,0.1090346464592877,"[0.1, 100]"
1,WEATES,0.6100163270819118,"[0.1, 100]"
2,ECT,0.7644338028625625,"[0.1, 100]"
3,RNSB,0.04126488676497751,"[0.1, 100]"
4,RND,0.02054765065689812,"[0.1, 100]"
5,RIPA,0.01655290648341179,"[0.1, 100]"
0,WEAT,0.07509480338748162,"[0.02, 200]"
1,WEATES,0.5518577153160663,"[0.02, 200]"
2,ECT,0.7882818032208624,"[0.02, 200]"
3,RNSB,0.020911677247660205,"[0.02, 200]"
4,RND,0.022605920794252336,"[0.02, 200]"
5,RIPA,0.01448091957718134,"[0.02, 200]"
0,WEAT,0.10385105517884381,"[0.05, 200]"
1,WEATES,0.5305936788860074,"[0.05, 200]"
2,ECT,0.6758864457294003,"[0.05, 200]"
3,RNSB,0.03748245438329151,"[0.05, 200]"
4,RND,0.021582691631704204,"[0.05, 200]"
5,RIPA,0.016107257455587387,"[0.05, 200]"
0,WEAT,0.11488543071355507,"[0.1, 200]"
1,WEATES,0.6135299106342289,"[0.1, 200]"
2,ECT,0.7705881043492359,"[0.1, 200]"
3,RNSB,0.04193504517840889,"[0.1, 200]"
4,RND,0.021719632534502497,"[0.1, 200]"
5,RIPA,0.016068823635578156,"[0.1, 200]"
